{
  "incumbent_ids": [
    5
  ],
  "rejected_config_ids": [
    1,
    3,
    2,
    4,
    6,
    7,
    8,
    9,
    10,
    11,
    12,
    13,
    14,
    15,
    16,
    17,
    18,
    19,
    20
  ],
  "incumbents_changed": 4,
  "trajectory": [
    {
      "config_ids": [
        1
      ],
      "costs": [
        -0.6161358542397765
      ],
      "trial": 1,
      "walltime": 0.11089181900024414
    },
    {
      "config_ids": [
        2
      ],
      "costs": [
        -0.6262734579137793
      ],
      "trial": 2,
      "walltime": 0.22218751907348633
    },
    {
      "config_ids": [
        4
      ],
      "costs": [
        -0.9104525511525748
      ],
      "trial": 4,
      "walltime": 0.4938483238220215
    },
    {
      "config_ids": [
        5
      ],
      "costs": [
        -0.9875293182969839
      ],
      "trial": 5,
      "walltime": 0.7929155826568604
    }
  ],
  "state": {
    "queue": [
      [
        20,
        1
      ]
    ]
  }
}